keyword1,keyword2,count
Artificial Intelligence,Machine Learning,9
Artificial Intelligence,Decision Intelligence,6
Decision Intelligence,Machine Learning,3
Decision Intelligence,Reinforcement Learning,3
Decision Intelligence,Decision Making,3
Decision Intelligence,Explainable Ai,3
Decision Intelligence,Generative Ai,3
Artificial Intelligence,Deep Learning,3
Machine Learning,Reinforcement Learning,3
Deep Learning,Machine Learning,3
Digital Twin,Large Language Models,3
Decision Intelligence,Deep Learning,2
Decision Intelligence,Deep Reinforcement Learning,2
Artificial Intelligence,Deep Reinforcement Learning,2
Artificial Intelligence,Sustainability,2
Artificial Intelligence,Generative Ai,2
Machine Learning,Smart Cities,2
Decision Support System,Reinforcement Learning,2
Generative Ai,Machine Learning,2
Decision Intelligence,Large Language Models,1
Artificial Intelligence,Decision Making,1
Artificial Intelligence,Digital Twin,1
Artificial Intelligence,Explainable Ai,1
Artificial Intelligence,Smart Cities,1
Reinforcement Learning,Smart Cities,1
Decision Making,Machine Learning,1
Decision Making,Reinforcement Learning,1
Decision Making,Sustainability,1
Decision Making,Large Language Models,1
Deep Learning,Reinforcement Learning,1
Deep Learning,Explainable Ai,1
Deep Learning,Generative Ai,1
Digital Twin,Reinforcement Learning,1
Digital Twin,Industry 4.0,1
Digital Twin,Smart Cities,1
Digital Twin,Generative Ai,1
Explainable Ai,Machine Learning,1
Large Language Models,Machine Learning,1
Large Language Models,Reinforcement Learning,1
Decision Support System,Machine Learning,1
Decision Support System,Industry 4.0,1
Industry 4.0,Sustainability,1
Generative Ai,Large Language Models,1
